{
    "ambientocclusion": false,
    "textures": {
        "bottom": "block/iron_door_bottom",
        "top": "block/iron_door_top",
        "particle": "block/iron_door_top"
    },
    "elements": [
        {
            "from": [
                0,
                0,
                0
            ],
            "to": [
                3,
                0,
                16
            ],
            "faces": {
                "up": {
                    "uv": [
                        12,
                        16,
                        15,
                        0
                    ],
                    "texture": "#bottom"
                },
                "north": {
                    "uv": [
                        3,
                        11,
                        0,
                        16
                    ],
                    "texture": "#top"
                },
                "south": {
                    "uv": [
                        0,
                        11,
                        3,
                        16
                    ],
                    "texture": "#top"
                },
                "west": {
                    "uv": [
                        0,
                        11,
                        16,
                        16
                    ],
                    "texture": "#top"
                },
                "east": {
                    "uv": [
                        16,
                        11,
                        0,
                        16
                    ],
                    "texture": "#top"
                }
            }
        },
        {
            "from": [
                0,
                13,
                0
            ],
            "to": [
                3,
                16,
                16
            ],
            "faces": {
                "down": {
                    "uv": [
                        12,
                        0,
                        15,
                        16
                    ],
                    "texture": "#bottom"
                },
                "up": {
                    "uv": [
                        13,
                        16,
                        16,
                        0
                    ],
                    "texture": "#bottom"
                },
                "north": {
                    "uv": [
                        3,
                        0,
                        0,
                        3
                    ],
                    "texture": "#top"
                },
                "south": {
                    "uv": [
                        0,
                        0,
                        3,
                        3
                    ],
                    "texture": "#top"
                },
                "west": {
                    "uv": [
                        0,
                        0,
                        16,
                        3
                    ],
                    "texture": "#top"
                },
                "east": {
                    "uv": [
                        16,
                        0,
                        0,
                        3
                    ],
                    "texture": "#top"
                }
            }
        },
        {
            "from": [
                0,
                0,
                0
            ],
            "to": [
                3,
                13,
                3
            ],
            "faces": {
                "north": {
                    "uv": [
                        3,
                        3,
                        0,
                        11
                    ],
                    "texture": "#top"
                },
                "south": {
                    "uv": [
                        13,
                        13,
                        16,
                        5
                    ],
                    "texture": "#top"
                },
                "west": {
                    "uv": [
                        0,
                        3,
                        3,
                        11
                    ],
                    "texture": "#top"
                },
                "east": {
                    "uv": [
                        3,
                        3,
                        0,
                        11
                    ],
                    "texture": "#top"
                }
            }
        },
        {
            "from": [
                0,
                0,
                13
            ],
            "to": [
                3,
                13,
                16
            ],
            "faces": {
                "north": {
                    "uv": [
                        13,
                        3,
                        16,
                        11
                    ],
                    "texture": "#top"
                },
                "south": {
                    "uv": [
                        3,
                        3,
                        0,
                        11
                    ],
                    "texture": "#top"
                },
                "west": {
                    "uv": [
                        13,
                        3,
                        16,
                        11
                    ],
                    "texture": "#top"
                },
                "east": {
                    "uv": [
                        16,
                        3,
                        13,
                        11
                    ],
                    "texture": "#top"
                }
            }
        }
    ]
}