{
"__comment":"Made by Know2Good, part of the 'Default 3D™' resource pack || Official download page: http://www.planetminecraft.com/texture_pack/default-3d-2985741/ || © Know2Good. All rights reserved. ",
"__comment":"No UV-bleed, OK coordinate, OK texture, OK cullface",

"textures": {
	"block": 	"item/bucket",
	"liquid": 	"custom/milk_still",
	"particle":	"item/bucket"
},
"elements": [
	{
		"__comment":"Bottom",
		"from": [5,1,5],
		"to": [11,2,11],
		"faces": {
			"down":{"uv":	[4.01,13.01,4.99,13.99],"texture":"#block","cullface":"Know2Good"},
			"up":{"uv":		[4.01,13.01,4.99,13.99],"texture":"#block","cullface":"Know2Good"},
			"north":{"uv":	[4.01,13.01,4.99,13.99],"texture":"#block","cullface":"Know2Good"},
			"south":{"uv":	[4.01,13.01,4.99,13.99],"texture":"#block","cullface":"Know2Good"},
			"west":{"uv":	[4.01,13.01,4.99,13.99],"texture":"#block","cullface":"Know2Good"},
			"east":{"uv":	[4.01,13.01,4.99,13.99],"texture":"#block","cullface":"Know2Good"}
		}
	},
	{
		"__comment":"Bottom north-west",
		"from": [5,0,5],
		"to": [6,1,6],
		"faces": {
			"down":{"uv":	[4.01,13.01,4.99,13.99],"texture":"#block","cullface":"Know2Good"},
			"up":{"uv":		[4.01,13.01,4.99,13.99],"texture":"#block","cullface":"Know2Good"},
			"north":{"uv":	[4.01,13.01,4.99,13.99],"texture":"#block","cullface":"Know2Good"},
			"south":{"uv":	[4.01,13.01,4.99,13.99],"texture":"#block","cullface":"Know2Good"},
			"west":{"uv":	[4.01,13.01,4.99,13.99],"texture":"#block","cullface":"Know2Good"},
			"east":{"uv":	[4.01,13.01,4.99,13.99],"texture":"#block","cullface":"Know2Good"}
		}
	},
	{
		"__comment":"Bottom north",
		"from": [6,0,4],
		"to": [10,1,5],
		"faces": {
			"down":{"uv":	[4.01,13.01,4.99,13.99],"texture":"#block","cullface":"Know2Good"},
			"up":{"uv":		[4.01,13.01,4.99,13.99],"texture":"#block","cullface":"Know2Good"},
			"north":{"uv":	[4.01,13.01,4.99,13.99],"texture":"#block","cullface":"Know2Good"},
			"south":{"uv":	[4.01,13.01,4.99,13.99],"texture":"#block","cullface":"Know2Good"},
			"west":{"uv":	[4.01,13.01,4.99,13.99],"texture":"#block","cullface":"Know2Good"},
			"east":{"uv":	[4.01,13.01,4.99,13.99],"texture":"#block","cullface":"Know2Good"}
		}
	},
	{
		"__comment":"Bottom north-east",
		"from": [10,0,5],
		"to": [11,1,6],
		"faces": {
			"down":{"uv":	[4.01,13.01,4.99,13.99],"texture":"#block","cullface":"Know2Good"},
			"up":{"uv":		[4.01,13.01,4.99,13.99],"texture":"#block","cullface":"Know2Good"},
			"north":{"uv":	[4.01,13.01,4.99,13.99],"texture":"#block","cullface":"Know2Good"},
			"south":{"uv":	[4.01,13.01,4.99,13.99],"texture":"#block","cullface":"Know2Good"},
			"west":{"uv":	[4.01,13.01,4.99,13.99],"texture":"#block","cullface":"Know2Good"},
			"east":{"uv":	[4.01,13.01,4.99,13.99],"texture":"#block","cullface":"Know2Good"}
		}
	},
	{
		"__comment":"Bottom east",
		"from": [11,0,6],
		"to": [12,1,10],
		"faces": {
			"down":{"uv":	[4.01,13.01,4.99,13.99],"texture":"#block","cullface":"Know2Good"},
			"up":{"uv":		[4.01,13.01,4.99,13.99],"texture":"#block","cullface":"Know2Good"},
			"north":{"uv":	[4.01,13.01,4.99,13.99],"texture":"#block","cullface":"Know2Good"},
			"south":{"uv":	[4.01,13.01,4.99,13.99],"texture":"#block","cullface":"Know2Good"},
			"west":{"uv":	[4.01,13.01,4.99,13.99],"texture":"#block","cullface":"Know2Good"},
			"east":{"uv":	[4.01,13.01,4.99,13.99],"texture":"#block","cullface":"Know2Good"}
		}
	},
	{
		"__comment":"Bottom south-east",
		"from": [10,0,10],
		"to": [11,1,11],
		"faces": {
			"down":{"uv":	[4.01,13.01,4.99,13.99],"texture":"#block","cullface":"Know2Good"},
			"up":{"uv":		[4.01,13.01,4.99,13.99],"texture":"#block","cullface":"Know2Good"},
			"north":{"uv":	[4.01,13.01,4.99,13.99],"texture":"#block","cullface":"Know2Good"},
			"south":{"uv":	[4.01,13.01,4.99,13.99],"texture":"#block","cullface":"Know2Good"},
			"west":{"uv":	[4.01,13.01,4.99,13.99],"texture":"#block","cullface":"Know2Good"},
			"east":{"uv":	[4.01,13.01,4.99,13.99],"texture":"#block","cullface":"Know2Good"}
		}
	},
	{
		"__comment":"Bottom south",
		"from": [6,0,11],
		"to": [10,1,12],
		"faces": {
			"down":{"uv":	[4.01,13.01,4.99,13.99],"texture":"#block","cullface":"Know2Good"},
			"up":{"uv":		[4.01,13.01,4.99,13.99],"texture":"#block","cullface":"Know2Good"},
			"north":{"uv":	[4.01,13.01,4.99,13.99],"texture":"#block","cullface":"Know2Good"},
			"south":{"uv":	[4.01,13.01,4.99,13.99],"texture":"#block","cullface":"Know2Good"},
			"west":{"uv":	[4.01,13.01,4.99,13.99],"texture":"#block","cullface":"Know2Good"},
			"east":{"uv":	[4.01,13.01,4.99,13.99],"texture":"#block","cullface":"Know2Good"}
		}
	},
	{
		"__comment":"Bottom south-west",
		"from": [5,0,10],
		"to": [6,1,11],
		"faces": {
			"down":{"uv":	[4.01,13.01,4.99,13.99],"texture":"#block","cullface":"Know2Good"},
			"up":{"uv":		[4.01,13.01,4.99,13.99],"texture":"#block","cullface":"Know2Good"},
			"north":{"uv":	[4.01,13.01,4.99,13.99],"texture":"#block","cullface":"Know2Good"},
			"south":{"uv":	[4.01,13.01,4.99,13.99],"texture":"#block","cullface":"Know2Good"},
			"west":{"uv":	[4.01,13.01,4.99,13.99],"texture":"#block","cullface":"Know2Good"},
			"east":{"uv":	[4.01,13.01,4.99,13.99],"texture":"#block","cullface":"Know2Good"}
		}
	},
	{
		"__comment":"Bottom west",
		"from": [4,0,6],
		"to": [5,1,10],
		"faces": {
			"down":{"uv":	[4.01,13.01,4.99,13.99],"texture":"#block","cullface":"Know2Good"},
			"up":{"uv":		[4.01,13.01,4.99,13.99],"texture":"#block","cullface":"Know2Good"},
			"north":{"uv":	[4.01,13.01,4.99,13.99],"texture":"#block","cullface":"Know2Good"},
			"south":{"uv":	[4.01,13.01,4.99,13.99],"texture":"#block","cullface":"Know2Good"},
			"west":{"uv":	[4.01,13.01,4.99,13.99],"texture":"#block","cullface":"Know2Good"},
			"east":{"uv":	[4.01,13.01,4.99,13.99],"texture":"#block","cullface":"Know2Good"}
		}
	},
	{
		"__comment":"Lower-middle north-west-north",
		"from": [4,1,4],
		"to": [6,3,5],
		"faces": {
			"down":{"uv":	[8.01,12.01,8.99,12.99],"texture":"#block","cullface":"Know2Good"},
			"up":{"uv":		[8.01,12.01,8.99,12.99],"texture":"#block","cullface":"Know2Good"},
			"north":{"uv":	[8.01,12.01,8.99,12.99],"texture":"#block","cullface":"Know2Good"},
			"south":{"uv":	[8.01,12.01,8.99,12.99],"texture":"#block","cullface":"Know2Good"},
			"west":{"uv":	[8.01,12.01,8.99,12.99],"texture":"#block","cullface":"Know2Good"},
			"east":{"uv":	[8.01,12.01,8.99,12.99],"texture":"#block","cullface":"Know2Good"}
		}
	},
	{
		"__comment":"Lower-middle north",
		"from": [6,1,3],
		"to": [10,3,4],
		"faces": {
			"down":{"uv":	[8.01,12.01,8.99,12.99],"texture":"#block","cullface":"Know2Good"},
			"up":{"uv":		[8.01,12.01,8.99,12.99],"texture":"#block","cullface":"Know2Good"},
			"north":{"uv":	[8.01,12.01,8.99,12.99],"texture":"#block","cullface":"Know2Good"},
			"south":{"uv":	[8.01,12.01,8.99,12.99],"texture":"#block","cullface":"Know2Good"},
			"west":{"uv":	[8.01,12.01,8.99,12.99],"texture":"#block","cullface":"Know2Good"},
			"east":{"uv":	[8.01,12.01,8.99,12.99],"texture":"#block","cullface":"Know2Good"}
		}
	},
	{
		"__comment":"Lower-middle north-north-east",
		"from": [10,1,4],
		"to": [12,3,5],
		"faces": {
			"down":{"uv":	[8.01,12.01,8.99,12.99],"texture":"#block","cullface":"Know2Good"},
			"up":{"uv":		[8.01,12.01,8.99,12.99],"texture":"#block","cullface":"Know2Good"},
			"north":{"uv":	[8.01,12.01,8.99,12.99],"texture":"#block","cullface":"Know2Good"},
			"south":{"uv":	[8.01,12.01,8.99,12.99],"texture":"#block","cullface":"Know2Good"},
			"west":{"uv":	[8.01,12.01,8.99,12.99],"texture":"#block","cullface":"Know2Good"},
			"east":{"uv":	[8.01,12.01,8.99,12.99],"texture":"#block","cullface":"Know2Good"}
		}
	},
	{
		"__comment":"Lower-middle east-north-east",
		"from": [11,1,5],
		"to": [12,3,6],
		"faces": {
			"down":{"uv":	[8.01,12.01,8.99,12.99],"texture":"#block","cullface":"Know2Good"},
			"up":{"uv":		[8.01,12.01,8.99,12.99],"texture":"#block","cullface":"Know2Good"},
			"north":{"uv":	[8.01,12.01,8.99,12.99],"texture":"#block","cullface":"Know2Good"},
			"south":{"uv":	[8.01,12.01,8.99,12.99],"texture":"#block","cullface":"Know2Good"},
			"west":{"uv":	[8.01,12.01,8.99,12.99],"texture":"#block","cullface":"Know2Good"},
			"east":{"uv":	[8.01,12.01,8.99,12.99],"texture":"#block","cullface":"Know2Good"}
		}
	},
	{
		"__comment":"Lower-middle east",
		"from": [12,1,6],
		"to": [13,3,10],
		"faces": {
			"down":{"uv":	[8.01,12.01,8.99,12.99],"texture":"#block","cullface":"Know2Good"},
			"up":{"uv":		[8.01,12.01,8.99,12.99],"texture":"#block","cullface":"Know2Good"},
			"north":{"uv":	[8.01,12.01,8.99,12.99],"texture":"#block","cullface":"Know2Good"},
			"south":{"uv":	[8.01,12.01,8.99,12.99],"texture":"#block","cullface":"Know2Good"},
			"west":{"uv":	[8.01,12.01,8.99,12.99],"texture":"#block","cullface":"Know2Good"},
			"east":{"uv":	[8.01,12.01,8.99,12.99],"texture":"#block","cullface":"Know2Good"}
		}
	},
	{
		"__comment":"Lower-middle east-south-east",
		"from": [11,1,10],
		"to": [12,3,11],
		"faces": {
			"down":{"uv":	[8.01,12.01,8.99,12.99],"texture":"#block","cullface":"Know2Good"},
			"up":{"uv":		[8.01,12.01,8.99,12.99],"texture":"#block","cullface":"Know2Good"},
			"north":{"uv":	[8.01,12.01,8.99,12.99],"texture":"#block","cullface":"Know2Good"},
			"south":{"uv":	[8.01,12.01,8.99,12.99],"texture":"#block","cullface":"Know2Good"},
			"west":{"uv":	[8.01,12.01,8.99,12.99],"texture":"#block","cullface":"Know2Good"},
			"east":{"uv":	[8.01,12.01,8.99,12.99],"texture":"#block","cullface":"Know2Good"}
		}
	},
	{
		"__comment":"Lower-middle south-south-east",
		"from": [10,1,11],
		"to": [12,3,12],
		"faces": {
			"down":{"uv":	[8.01,12.01,8.99,12.99],"texture":"#block","cullface":"Know2Good"},
			"up":{"uv":		[8.01,12.01,8.99,12.99],"texture":"#block","cullface":"Know2Good"},
			"north":{"uv":	[8.01,12.01,8.99,12.99],"texture":"#block","cullface":"Know2Good"},
			"south":{"uv":	[8.01,12.01,8.99,12.99],"texture":"#block","cullface":"Know2Good"},
			"west":{"uv":	[8.01,12.01,8.99,12.99],"texture":"#block","cullface":"Know2Good"},
			"east":{"uv":	[8.01,12.01,8.99,12.99],"texture":"#block","cullface":"Know2Good"}
		}
	},
	{
		"__comment":"Lower-middle south",
		"from": [6,1,12],
		"to": [10,3,13],
		"faces": {
			"down":{"uv":	[8.01,12.01,8.99,12.99],"texture":"#block","cullface":"Know2Good"},
			"up":{"uv":		[8.01,12.01,8.99,12.99],"texture":"#block","cullface":"Know2Good"},
			"north":{"uv":	[8.01,12.01,8.99,12.99],"texture":"#block","cullface":"Know2Good"},
			"south":{"uv":	[8.01,12.01,8.99,12.99],"texture":"#block","cullface":"Know2Good"},
			"west":{"uv":	[8.01,12.01,8.99,12.99],"texture":"#block","cullface":"Know2Good"},
			"east":{"uv":	[8.01,12.01,8.99,12.99],"texture":"#block","cullface":"Know2Good"}
		}
	},
	{
		"__comment":"Lower-middle south-south-west",
		"from": [4,1,11],
		"to": [6,3,12],
		"faces": {
			"down":{"uv":	[8.01,12.01,8.99,12.99],"texture":"#block","cullface":"Know2Good"},
			"up":{"uv":		[8.01,12.01,8.99,12.99],"texture":"#block","cullface":"Know2Good"},
			"north":{"uv":	[8.01,12.01,8.99,12.99],"texture":"#block","cullface":"Know2Good"},
			"south":{"uv":	[8.01,12.01,8.99,12.99],"texture":"#block","cullface":"Know2Good"},
			"west":{"uv":	[8.01,12.01,8.99,12.99],"texture":"#block","cullface":"Know2Good"},
			"east":{"uv":	[8.01,12.01,8.99,12.99],"texture":"#block","cullface":"Know2Good"}
		}
	},
	{
		"__comment":"Lower-middle west-south-west",
		"from": [4,1,10],
		"to": [5,3,11],
		"faces": {
			"down":{"uv":	[8.01,12.01,8.99,12.99],"texture":"#block","cullface":"Know2Good"},
			"up":{"uv":		[8.01,12.01,8.99,12.99],"texture":"#block","cullface":"Know2Good"},
			"north":{"uv":	[8.01,12.01,8.99,12.99],"texture":"#block","cullface":"Know2Good"},
			"south":{"uv":	[8.01,12.01,8.99,12.99],"texture":"#block","cullface":"Know2Good"},
			"west":{"uv":	[8.01,12.01,8.99,12.99],"texture":"#block","cullface":"Know2Good"},
			"east":{"uv":	[8.01,12.01,8.99,12.99],"texture":"#block","cullface":"Know2Good"}
		}
	},
	{
		"__comment":"Lower-middle west",
		"from": [3,1,6],
		"to": [4,3,10],
		"faces": {
			"down":{"uv":	[8.01,12.01,8.99,12.99],"texture":"#block","cullface":"Know2Good"},
			"up":{"uv":		[8.01,12.01,8.99,12.99],"texture":"#block","cullface":"Know2Good"},
			"north":{"uv":	[8.01,12.01,8.99,12.99],"texture":"#block","cullface":"Know2Good"},
			"south":{"uv":	[8.01,12.01,8.99,12.99],"texture":"#block","cullface":"Know2Good"},
			"west":{"uv":	[8.01,12.01,8.99,12.99],"texture":"#block","cullface":"Know2Good"},
			"east":{"uv":	[8.01,12.01,8.99,12.99],"texture":"#block","cullface":"Know2Good"}
		}
	},
	{
		"__comment":"Lower-middle west-west-north",
		"from": [4,1,5],
		"to": [5,3,6],
		"faces": {
			"down":{"uv":	[8.01,12.01,8.99,12.99],"texture":"#block","cullface":"Know2Good"},
			"up":{"uv":		[8.01,12.01,8.99,12.99],"texture":"#block","cullface":"Know2Good"},
			"north":{"uv":	[8.01,12.01,8.99,12.99],"texture":"#block","cullface":"Know2Good"},
			"south":{"uv":	[8.01,12.01,8.99,12.99],"texture":"#block","cullface":"Know2Good"},
			"west":{"uv":	[8.01,12.01,8.99,12.99],"texture":"#block","cullface":"Know2Good"},
			"east":{"uv":	[8.01,12.01,8.99,12.99],"texture":"#block","cullface":"Know2Good"}
		}
	},
		{
		"__comment":"Upper-middle north-north-west",
		"from": [4,3,3],
		"to": [6,6,4],
		"faces": {
			"down":{"uv":	[6.01,13.01,6.99,13.99],"texture":"#block","cullface":"Know2Good"},
			"up":{"uv":		[6.01,13.01,6.99,13.99],"texture":"#block","cullface":"Know2Good"},
			"north":{"uv":	[6.01,13.01,6.99,13.99],"texture":"#block","cullface":"Know2Good"},
			"south":{"uv":	[6.01,13.01,6.99,13.99],"texture":"#block","cullface":"Know2Good"},
			"west":{"uv":	[6.01,13.01,6.99,13.99],"texture":"#block","cullface":"Know2Good"},
			"east":{"uv":	[6.01,13.01,6.99,13.99],"texture":"#block","cullface":"Know2Good"}
		}
	},
	{
		"__comment":"Upper-middle north",
		"from": [6,3,2],
		"to": [10,6,3],
		"faces": {
			"down":{"uv":	[6.01,13.01,6.99,13.99],"texture":"#block","cullface":"Know2Good"},
			"up":{"uv":		[6.01,13.01,6.99,13.99],"texture":"#block","cullface":"Know2Good"},
			"north":{"uv":	[6.01,13.01,6.99,13.99],"texture":"#block","cullface":"Know2Good"},
			"south":{"uv":	[6.01,13.01,6.99,13.99],"texture":"#block","cullface":"Know2Good"},
			"west":{"uv":	[6.01,13.01,6.99,13.99],"texture":"#block","cullface":"Know2Good"},
			"east":{"uv":	[6.01,13.01,6.99,13.99],"texture":"#block","cullface":"Know2Good"}
		}
	},
	{
		"__comment":"Upper-middle north-north-east",
		"from": [10,3,3],
		"to": [12,6,4],
		"faces": {
			"down":{"uv":	[6.01,13.01,6.99,13.99],"texture":"#block","cullface":"Know2Good"},
			"up":{"uv":		[6.01,13.01,6.99,13.99],"texture":"#block","cullface":"Know2Good"},
			"north":{"uv":	[6.01,13.01,6.99,13.99],"texture":"#block","cullface":"Know2Good"},
			"south":{"uv":	[6.01,13.01,6.99,13.99],"texture":"#block","cullface":"Know2Good"},
			"west":{"uv":	[6.01,13.01,6.99,13.99],"texture":"#block","cullface":"Know2Good"},
			"east":{"uv":	[6.01,13.01,6.99,13.99],"texture":"#block","cullface":"Know2Good"}
		}
	},
	{
		"__comment":"Upper-middle east-north-east",
		"from": [12,3,4],
		"to": [13,6,6],
		"faces": {
			"down":{"uv":	[6.01,13.01,6.99,13.99],"texture":"#block","cullface":"Know2Good"},
			"up":{"uv":		[6.01,13.01,6.99,13.99],"texture":"#block","cullface":"Know2Good"},
			"north":{"uv":	[6.01,13.01,6.99,13.99],"texture":"#block","cullface":"Know2Good"},
			"south":{"uv":	[6.01,13.01,6.99,13.99],"texture":"#block","cullface":"Know2Good"},
			"west":{"uv":	[6.01,13.01,6.99,13.99],"texture":"#block","cullface":"Know2Good"},
			"east":{"uv":	[6.01,13.01,6.99,13.99],"texture":"#block","cullface":"Know2Good"}
		}
	},
	{
		"__comment":"Upper-middle east",
		"from": [13,3,6],
		"to": [14,6,10],
		"faces": {
			"down":{"uv":	[6.01,13.01,6.99,13.99],"texture":"#block","cullface":"Know2Good"},
			"up":{"uv":		[6.01,13.01,6.99,13.99],"texture":"#block","cullface":"Know2Good"},
			"north":{"uv":	[6.01,13.01,6.99,13.99],"texture":"#block","cullface":"Know2Good"},
			"south":{"uv":	[6.01,13.01,6.99,13.99],"texture":"#block","cullface":"Know2Good"},
			"west":{"uv":	[6.01,13.01,6.99,13.99],"texture":"#block","cullface":"Know2Good"},
			"east":{"uv":	[6.01,13.01,6.99,13.99],"texture":"#block","cullface":"Know2Good"}
		}
	},
	{
		"__comment":"Upper-middle east-south-east",
		"from": [12,3,10],
		"to": [13,6,12],
		"faces": {
			"down":{"uv":	[6.01,13.01,6.99,13.99],"texture":"#block","cullface":"Know2Good"},
			"up":{"uv":		[6.01,13.01,6.99,13.99],"texture":"#block","cullface":"Know2Good"},
			"north":{"uv":	[6.01,13.01,6.99,13.99],"texture":"#block","cullface":"Know2Good"},
			"south":{"uv":	[6.01,13.01,6.99,13.99],"texture":"#block","cullface":"Know2Good"},
			"west":{"uv":	[6.01,13.01,6.99,13.99],"texture":"#block","cullface":"Know2Good"},
			"east":{"uv":	[6.01,13.01,6.99,13.99],"texture":"#block","cullface":"Know2Good"}
		}
	},
	{
		"__comment":"Upper-middle south-south-east",
		"from": [10,3,12],
		"to": [12,6,13],
		"faces": {
			"down":{"uv":	[6.01,13.01,6.99,13.99],"texture":"#block","cullface":"Know2Good"},
			"up":{"uv":		[6.01,13.01,6.99,13.99],"texture":"#block","cullface":"Know2Good"},
			"north":{"uv":	[6.01,13.01,6.99,13.99],"texture":"#block","cullface":"Know2Good"},
			"south":{"uv":	[6.01,13.01,6.99,13.99],"texture":"#block","cullface":"Know2Good"},
			"west":{"uv":	[6.01,13.01,6.99,13.99],"texture":"#block","cullface":"Know2Good"},
			"east":{"uv":	[6.01,13.01,6.99,13.99],"texture":"#block","cullface":"Know2Good"}
		}
	},
	{
		"__comment":"Upper-middle south",
		"from": [6,3,13],
		"to": [10,6,14],
		"faces": {
			"down":{"uv":	[6.01,13.01,6.99,13.99],"texture":"#block","cullface":"Know2Good"},
			"up":{"uv":		[6.01,13.01,6.99,13.99],"texture":"#block","cullface":"Know2Good"},
			"north":{"uv":	[6.01,13.01,6.99,13.99],"texture":"#block","cullface":"Know2Good"},
			"south":{"uv":	[6.01,13.01,6.99,13.99],"texture":"#block","cullface":"Know2Good"},
			"west":{"uv":	[6.01,13.01,6.99,13.99],"texture":"#block","cullface":"Know2Good"},
			"east":{"uv":	[6.01,13.01,6.99,13.99],"texture":"#block","cullface":"Know2Good"}
		}
	},
	{
		"__comment":"Upper-middle south-south-west",
		"from": [4,3,12],
		"to": [6,6,13],
		"faces": {
			"down":{"uv":	[6.01,13.01,6.99,13.99],"texture":"#block","cullface":"Know2Good"},
			"up":{"uv":		[6.01,13.01,6.99,13.99],"texture":"#block","cullface":"Know2Good"},
			"north":{"uv":	[6.01,13.01,6.99,13.99],"texture":"#block","cullface":"Know2Good"},
			"south":{"uv":	[6.01,13.01,6.99,13.99],"texture":"#block","cullface":"Know2Good"},
			"west":{"uv":	[6.01,13.01,6.99,13.99],"texture":"#block","cullface":"Know2Good"},
			"east":{"uv":	[6.01,13.01,6.99,13.99],"texture":"#block","cullface":"Know2Good"}
		}
	},
	{
		"__comment":"Upper-middle west-south-west",
		"from": [3,3,10],
		"to": [4,6,12],
		"faces": {
			"down":{"uv":	[6.01,13.01,6.99,13.99],"texture":"#block","cullface":"Know2Good"},
			"up":{"uv":		[6.01,13.01,6.99,13.99],"texture":"#block","cullface":"Know2Good"},
			"north":{"uv":	[6.01,13.01,6.99,13.99],"texture":"#block","cullface":"Know2Good"},
			"south":{"uv":	[6.01,13.01,6.99,13.99],"texture":"#block","cullface":"Know2Good"},
			"west":{"uv":	[6.01,13.01,6.99,13.99],"texture":"#block","cullface":"Know2Good"},
			"east":{"uv":	[6.01,13.01,6.99,13.99],"texture":"#block","cullface":"Know2Good"}
		}
	},
	{
		"__comment":"Upper-middle west",
		"from": [2,3,6],
		"to": [3,6,10],
		"faces": {
			"down":{"uv":	[6.01,13.01,6.99,13.99],"texture":"#block","cullface":"Know2Good"},
			"up":{"uv":		[6.01,13.01,6.99,13.99],"texture":"#block","cullface":"Know2Good"},
			"north":{"uv":	[6.01,13.01,6.99,13.99],"texture":"#block","cullface":"Know2Good"},
			"south":{"uv":	[6.01,13.01,6.99,13.99],"texture":"#block","cullface":"Know2Good"},
			"west":{"uv":	[6.01,13.01,6.99,13.99],"texture":"#block","cullface":"Know2Good"},
			"east":{"uv":	[6.01,13.01,6.99,13.99],"texture":"#block","cullface":"Know2Good"}
		}
	},
	{
		"__comment":"Upper-middle west-north-west",
		"from": [3,3,4],
		"to": [4,6,6],
		"faces": {
			"down":{"uv":	[6.01,13.01,6.99,13.99],"texture":"#block","cullface":"Know2Good"},
			"up":{"uv":		[6.01,13.01,6.99,13.99],"texture":"#block","cullface":"Know2Good"},
			"north":{"uv":	[6.01,13.01,6.99,13.99],"texture":"#block","cullface":"Know2Good"},
			"south":{"uv":	[6.01,13.01,6.99,13.99],"texture":"#block","cullface":"Know2Good"},
			"west":{"uv":	[6.01,13.01,6.99,13.99],"texture":"#block","cullface":"Know2Good"},
			"east":{"uv":	[6.01,13.01,6.99,13.99],"texture":"#block","cullface":"Know2Good"}
		}
	},
	{
		"__comment":"Top north-west",
		"from": [3,6,3],
		"to": [4,10,4],
		"faces": {
			"down":{"uv":	[6.01,13.01,6.99,13.99],"texture":"#block","cullface":"Know2Good"},
			"up":{"uv":		[6.01,13.01,6.99,13.99],"texture":"#block","cullface":"Know2Good"},
			"north":{"uv":	[6.01,13.01,6.99,13.99],"texture":"#block","cullface":"Know2Good"},
			"south":{"uv":	[6.01,13.01,6.99,13.99],"texture":"#block","cullface":"Know2Good"},
			"west":{"uv":	[6.01,13.01,6.99,13.99],"texture":"#block","cullface":"Know2Good"},
			"east":{"uv":	[6.01,13.01,6.99,13.99],"texture":"#block","cullface":"Know2Good"}
		}
	},
	{
		"__comment":"Top north-north-west",
		"from": [4,6,2],
		"to": [6,10,3],
		"faces": {
			"down":{"uv":	[6.01,13.01,6.99,13.99],"texture":"#block","cullface":"Know2Good"},
			"up":{"uv":		[6.01,13.01,6.99,13.99],"texture":"#block","cullface":"Know2Good"},
			"north":{"uv":	[6.01,13.01,6.99,13.99],"texture":"#block","cullface":"Know2Good"},
			"south":{"uv":	[6.01,13.01,6.99,13.99],"texture":"#block","cullface":"Know2Good"},
			"west":{"uv":	[6.01,13.01,6.99,13.99],"texture":"#block","cullface":"Know2Good"},
			"east":{"uv":	[6.01,13.01,6.99,13.99],"texture":"#block","cullface":"Know2Good"}
		}
	},
	{
		"__comment":"Top north",
		"from": [6,6,1],
		"to": [10,10,2],
		"faces": {
			"down":{"uv":	[6.01,13.01,6.99,13.99],"texture":"#block","cullface":"Know2Good"},
			"up":{"uv":		[6.01,13.01,6.99,13.99],"texture":"#block","cullface":"Know2Good"},
			"north":{"uv":	[6.01,13.01,6.99,13.99],"texture":"#block","cullface":"Know2Good"},
			"south":{"uv":	[6.01,13.01,6.99,13.99],"texture":"#block","cullface":"Know2Good"},
			"west":{"uv":	[6.01,13.01,6.99,13.99],"texture":"#block","cullface":"Know2Good"},
			"east":{"uv":	[6.01,13.01,6.99,13.99],"texture":"#block","cullface":"Know2Good"}
		}
	},
	{
		"__comment":"Top north-north-east",
		"from": [10,6,2],
		"to": [12,10,3],
		"faces": {
			"down":{"uv":	[6.01,13.01,6.99,13.99],"texture":"#block","cullface":"Know2Good"},
			"up":{"uv":		[6.01,13.01,6.99,13.99],"texture":"#block","cullface":"Know2Good"},
			"north":{"uv":	[6.01,13.01,6.99,13.99],"texture":"#block","cullface":"Know2Good"},
			"south":{"uv":	[6.01,13.01,6.99,13.99],"texture":"#block","cullface":"Know2Good"},
			"west":{"uv":	[6.01,13.01,6.99,13.99],"texture":"#block","cullface":"Know2Good"},
			"east":{"uv":	[6.01,13.01,6.99,13.99],"texture":"#block","cullface":"Know2Good"}
		}
	},
	{
		"__comment":"Top north-east",
		"from": [12,6,3],
		"to": [13,10,4],
		"faces": {
			"down":{"uv":	[6.01,13.01,6.99,13.99],"texture":"#block","cullface":"Know2Good"},
			"up":{"uv":		[6.01,13.01,6.99,13.99],"texture":"#block","cullface":"Know2Good"},
			"north":{"uv":	[6.01,13.01,6.99,13.99],"texture":"#block","cullface":"Know2Good"},
			"south":{"uv":	[6.01,13.01,6.99,13.99],"texture":"#block","cullface":"Know2Good"},
			"west":{"uv":	[6.01,13.01,6.99,13.99],"texture":"#block","cullface":"Know2Good"},
			"east":{"uv":	[6.01,13.01,6.99,13.99],"texture":"#block","cullface":"Know2Good"}
		}
	},
	{
		"__comment":"Top east-north-east",
		"from": [13,6,4],
		"to": [14,10,6],
		"faces": {
			"down":{"uv":	[6.01,13.01,6.99,13.99],"texture":"#block","cullface":"Know2Good"},
			"up":{"uv":		[6.01,13.01,6.99,13.99],"texture":"#block","cullface":"Know2Good"},
			"north":{"uv":	[6.01,13.01,6.99,13.99],"texture":"#block","cullface":"Know2Good"},
			"south":{"uv":	[6.01,13.01,6.99,13.99],"texture":"#block","cullface":"Know2Good"},
			"west":{"uv":	[6.01,13.01,6.99,13.99],"texture":"#block","cullface":"Know2Good"},
			"east":{"uv":	[6.01,13.01,6.99,13.99],"texture":"#block","cullface":"Know2Good"}
		}
	},
	{
		"__comment":"Top east",
		"from": [14,6,6],
		"to": [15,10,10],
		"faces": {
			"down":{"uv":	[6.01,13.01,6.99,13.99],"texture":"#block","cullface":"Know2Good"},
			"up":{"uv":		[6.01,13.01,6.99,13.99],"texture":"#block","cullface":"Know2Good"},
			"north":{"uv":	[6.01,13.01,6.99,13.99],"texture":"#block","cullface":"Know2Good"},
			"south":{"uv":	[6.01,13.01,6.99,13.99],"texture":"#block","cullface":"Know2Good"},
			"west":{"uv":	[6.01,13.01,6.99,13.99],"texture":"#block","cullface":"Know2Good"},
			"east":{"uv":	[6.01,13.01,6.99,13.99],"texture":"#block","cullface":"Know2Good"}
		}
	},
	{
		"__comment":"Top east-south-east",
		"from": [13,6,10],
		"to": [14,10,12],
		"faces": {
			"down":{"uv":	[6.01,13.01,6.99,13.99],"texture":"#block","cullface":"Know2Good"},
			"up":{"uv":		[6.01,13.01,6.99,13.99],"texture":"#block","cullface":"Know2Good"},
			"north":{"uv":	[6.01,13.01,6.99,13.99],"texture":"#block","cullface":"Know2Good"},
			"south":{"uv":	[6.01,13.01,6.99,13.99],"texture":"#block","cullface":"Know2Good"},
			"west":{"uv":	[6.01,13.01,6.99,13.99],"texture":"#block","cullface":"Know2Good"},
			"east":{"uv":	[6.01,13.01,6.99,13.99],"texture":"#block","cullface":"Know2Good"}
		}
	},
	{
		"__comment":"Top south-east",
		"from": [12,6,12],
		"to": [13,10,13],
		"faces": {
			"down":{"uv":	[6.01,13.01,6.99,13.99],"texture":"#block","cullface":"Know2Good"},
			"up":{"uv":		[6.01,13.01,6.99,13.99],"texture":"#block","cullface":"Know2Good"},
			"north":{"uv":	[6.01,13.01,6.99,13.99],"texture":"#block","cullface":"Know2Good"},
			"south":{"uv":	[6.01,13.01,6.99,13.99],"texture":"#block","cullface":"Know2Good"},
			"west":{"uv":	[6.01,13.01,6.99,13.99],"texture":"#block","cullface":"Know2Good"},
			"east":{"uv":	[6.01,13.01,6.99,13.99],"texture":"#block","cullface":"Know2Good"}
		}
	},
	{
		"__comment":"Top south-south-east",
		"from": [10,6,13],
		"to": [12,10,14],
		"faces": {
			"down":{"uv":	[6.01,13.01,6.99,13.99],"texture":"#block","cullface":"Know2Good"},
			"up":{"uv":		[6.01,13.01,6.99,13.99],"texture":"#block","cullface":"Know2Good"},
			"north":{"uv":	[6.01,13.01,6.99,13.99],"texture":"#block","cullface":"Know2Good"},
			"south":{"uv":	[6.01,13.01,6.99,13.99],"texture":"#block","cullface":"Know2Good"},
			"west":{"uv":	[6.01,13.01,6.99,13.99],"texture":"#block","cullface":"Know2Good"},
			"east":{"uv":	[6.01,13.01,6.99,13.99],"texture":"#block","cullface":"Know2Good"}
		}
	},
	{
		"__comment":"Top south",
		"from": [6,6,14],
		"to": [10,10,15],
		"faces": {
			"down":{"uv":	[6.01,13.01,6.99,13.99],"texture":"#block","cullface":"Know2Good"},
			"up":{"uv":		[6.01,13.01,6.99,13.99],"texture":"#block","cullface":"Know2Good"},
			"north":{"uv":	[6.01,13.01,6.99,13.99],"texture":"#block","cullface":"Know2Good"},
			"south":{"uv":	[6.01,13.01,6.99,13.99],"texture":"#block","cullface":"Know2Good"},
			"west":{"uv":	[6.01,13.01,6.99,13.99],"texture":"#block","cullface":"Know2Good"},
			"east":{"uv":	[6.01,13.01,6.99,13.99],"texture":"#block","cullface":"Know2Good"}
		}
	},
	{
		"__comment":"Top south-south-west",
		"from": [4,6,13],
		"to": [6,10,14],
		"faces": {
			"down":{"uv":	[6.01,13.01,6.99,13.99],"texture":"#block","cullface":"Know2Good"},
			"up":{"uv":		[6.01,13.01,6.99,13.99],"texture":"#block","cullface":"Know2Good"},
			"north":{"uv":	[6.01,13.01,6.99,13.99],"texture":"#block","cullface":"Know2Good"},
			"south":{"uv":	[6.01,13.01,6.99,13.99],"texture":"#block","cullface":"Know2Good"},
			"west":{"uv":	[6.01,13.01,6.99,13.99],"texture":"#block","cullface":"Know2Good"},
			"east":{"uv":	[6.01,13.01,6.99,13.99],"texture":"#block","cullface":"Know2Good"}
		}
	},
	{
		"__comment":"Top south-west",
		"from": [3,6,12],
		"to": [4,10,13],
		"faces": {
			"down":{"uv":	[6.01,13.01,6.99,13.99],"texture":"#block","cullface":"Know2Good"},
			"up":{"uv":		[6.01,13.01,6.99,13.99],"texture":"#block","cullface":"Know2Good"},
			"north":{"uv":	[6.01,13.01,6.99,13.99],"texture":"#block","cullface":"Know2Good"},
			"south":{"uv":	[6.01,13.01,6.99,13.99],"texture":"#block","cullface":"Know2Good"},
			"west":{"uv":	[6.01,13.01,6.99,13.99],"texture":"#block","cullface":"Know2Good"},
			"east":{"uv":	[6.01,13.01,6.99,13.99],"texture":"#block","cullface":"Know2Good"}
		}
	},
	{
		"__comment":"Top south-south-west",
		"from": [2,6,10],
		"to": [3,10,12],
		"faces": {
			"down":{"uv":	[6.01,13.01,6.99,13.99],"texture":"#block","cullface":"Know2Good"},
			"up":{"uv":		[6.01,13.01,6.99,13.99],"texture":"#block","cullface":"Know2Good"},
			"north":{"uv":	[6.01,13.01,6.99,13.99],"texture":"#block","cullface":"Know2Good"},
			"south":{"uv":	[6.01,13.01,6.99,13.99],"texture":"#block","cullface":"Know2Good"},
			"west":{"uv":	[6.01,13.01,6.99,13.99],"texture":"#block","cullface":"Know2Good"},
			"east":{"uv":	[6.01,13.01,6.99,13.99],"texture":"#block","cullface":"Know2Good"}
		}
	},
	{
		"__comment":"Top west",
		"from": [1,6,6],
		"to": [2,10,10],
		"faces": {
			"down":{"uv":	[6.01,13.01,6.99,13.99],"texture":"#block","cullface":"Know2Good"},
			"up":{"uv":		[6.01,13.01,6.99,13.99],"texture":"#block","cullface":"Know2Good"},
			"north":{"uv":	[6.01,13.01,6.99,13.99],"texture":"#block","cullface":"Know2Good"},
			"south":{"uv":	[6.01,13.01,6.99,13.99],"texture":"#block","cullface":"Know2Good"},
			"west":{"uv":	[6.01,13.01,6.99,13.99],"texture":"#block","cullface":"Know2Good"},
			"east":{"uv":	[6.01,13.01,6.99,13.99],"texture":"#block","cullface":"Know2Good"}
		}
	},
	{
		"__comment":"Top south-north-west",
		"from": [2,6,4],
		"to": [3,10,6],
		"faces": {
			"down":{"uv":	[6.01,13.01,6.99,13.99],"texture":"#block","cullface":"Know2Good"},
			"up":{"uv":		[6.01,13.01,6.99,13.99],"texture":"#block","cullface":"Know2Good"},
			"north":{"uv":	[6.01,13.01,6.99,13.99],"texture":"#block","cullface":"Know2Good"},
			"south":{"uv":	[6.01,13.01,6.99,13.99],"texture":"#block","cullface":"Know2Good"},
			"west":{"uv":	[6.01,13.01,6.99,13.99],"texture":"#block","cullface":"Know2Good"},
			"east":{"uv":	[6.01,13.01,6.99,13.99],"texture":"#block","cullface":"Know2Good"}
		}
	},
	{
		"__comment":"Rim north-west",
		"from": [3,10,3],
		"to": [4,11,4],
		"faces": {
			"down":{"uv":	[4.01,13.01,4.99,13.99],"texture":"#block","cullface":"Know2Good"},
			"up":{"uv":		[4.01,13.01,4.99,13.99],"texture":"#block","cullface":"Know2Good"},
			"north":{"uv":	[4.01,13.01,4.99,13.99],"texture":"#block","cullface":"Know2Good"},
			"south":{"uv":	[4.01,13.01,4.99,13.99],"texture":"#block","cullface":"Know2Good"},
			"west":{"uv":	[4.01,13.01,4.99,13.99],"texture":"#block","cullface":"Know2Good"},
			"east":{"uv":	[4.01,13.01,4.99,13.99],"texture":"#block","cullface":"Know2Good"}
		}
	},
	{
		"__comment":"Rim north-north-west",
		"from": [4,10,2],
		"to": [6,11,3],
		"faces": {
			"down":{"uv":	[4.01,13.01,4.99,13.99],"texture":"#block","cullface":"Know2Good"},
			"up":{"uv":		[4.01,13.01,4.99,13.99],"texture":"#block","cullface":"Know2Good"},
			"north":{"uv":	[4.01,13.01,4.99,13.99],"texture":"#block","cullface":"Know2Good"},
			"south":{"uv":	[4.01,13.01,4.99,13.99],"texture":"#block","cullface":"Know2Good"},
			"west":{"uv":	[4.01,13.01,4.99,13.99],"texture":"#block","cullface":"Know2Good"},
			"east":{"uv":	[4.01,13.01,4.99,13.99],"texture":"#block","cullface":"Know2Good"}
		}
	},
	{
		"__comment":"Rim north",
		"from": [6,10,1],
		"to": [10,11,2],
		"faces": {
			"down":{"uv":	[4.01,13.01,4.99,13.99],"texture":"#block","cullface":"Know2Good"},
			"up":{"uv":		[4.01,13.01,4.99,13.99],"texture":"#block","cullface":"Know2Good"},
			"north":{"uv":	[4.01,13.01,4.99,13.99],"texture":"#block","cullface":"Know2Good"},
			"south":{"uv":	[4.01,13.01,4.99,13.99],"texture":"#block","cullface":"Know2Good"},
			"west":{"uv":	[4.01,13.01,4.99,13.99],"texture":"#block","cullface":"Know2Good"},
			"east":{"uv":	[4.01,13.01,4.99,13.99],"texture":"#block","cullface":"Know2Good"}
		}
	},
	{
		"__comment":"Rim north-north-east",
		"from": [10,10,2],
		"to": [12,11,3],
		"faces": {
			"down":{"uv":	[4.01,13.01,4.99,13.99],"texture":"#block","cullface":"Know2Good"},
			"up":{"uv":		[4.01,13.01,4.99,13.99],"texture":"#block","cullface":"Know2Good"},
			"north":{"uv":	[4.01,13.01,4.99,13.99],"texture":"#block","cullface":"Know2Good"},
			"south":{"uv":	[4.01,13.01,4.99,13.99],"texture":"#block","cullface":"Know2Good"},
			"west":{"uv":	[4.01,13.01,4.99,13.99],"texture":"#block","cullface":"Know2Good"},
			"east":{"uv":	[4.01,13.01,4.99,13.99],"texture":"#block","cullface":"Know2Good"}
		}
	},
	{
		"__comment":"Rim north-east",
		"from": [12,10,3],
		"to": [13,11,4],
		"faces": {
			"down":{"uv":	[4.01,13.01,4.99,13.99],"texture":"#block","cullface":"Know2Good"},
			"up":{"uv":		[4.01,13.01,4.99,13.99],"texture":"#block","cullface":"Know2Good"},
			"north":{"uv":	[4.01,13.01,4.99,13.99],"texture":"#block","cullface":"Know2Good"},
			"south":{"uv":	[4.01,13.01,4.99,13.99],"texture":"#block","cullface":"Know2Good"},
			"west":{"uv":	[4.01,13.01,4.99,13.99],"texture":"#block","cullface":"Know2Good"},
			"east":{"uv":	[4.01,13.01,4.99,13.99],"texture":"#block","cullface":"Know2Good"}
		}
	},
	{
		"__comment":"Rim east-north-east",
		"from": [13,10,4],
		"to": [14,11,6],
		"faces": {
			"down":{"uv":	[4.01,13.01,4.99,13.99],"texture":"#block","cullface":"Know2Good"},
			"up":{"uv":		[4.01,13.01,4.99,13.99],"texture":"#block","cullface":"Know2Good"},
			"north":{"uv":	[4.01,13.01,4.99,13.99],"texture":"#block","cullface":"Know2Good"},
			"south":{"uv":	[4.01,13.01,4.99,13.99],"texture":"#block","cullface":"Know2Good"},
			"west":{"uv":	[4.01,13.01,4.99,13.99],"texture":"#block","cullface":"Know2Good"},
			"east":{"uv":	[4.01,13.01,4.99,13.99],"texture":"#block","cullface":"Know2Good"}
		}
	},
	{
		"__comment":"Rim east",
		"from": [14,10,6],
		"to": [15,11,10],
		"faces": {
			"down":{"uv":	[4.01,13.01,4.99,13.99],"texture":"#block","cullface":"Know2Good"},
			"up":{"uv":		[4.01,13.01,4.99,13.99],"texture":"#block","cullface":"Know2Good"},
			"north":{"uv":	[4.01,13.01,4.99,13.99],"texture":"#block","cullface":"Know2Good"},
			"south":{"uv":	[4.01,13.01,4.99,13.99],"texture":"#block","cullface":"Know2Good"},
			"west":{"uv":	[4.01,13.01,4.99,13.99],"texture":"#block","cullface":"Know2Good"},
			"east":{"uv":	[4.01,13.01,4.99,13.99],"texture":"#block","cullface":"Know2Good"}
		}
	},
	{
		"__comment":"Rim east-south-east",
		"from": [13,10,10],
		"to": [14,11,12],
		"faces": {
			"down":{"uv":	[4.01,13.01,4.99,13.99],"texture":"#block","cullface":"Know2Good"},
			"up":{"uv":		[4.01,13.01,4.99,13.99],"texture":"#block","cullface":"Know2Good"},
			"north":{"uv":	[4.01,13.01,4.99,13.99],"texture":"#block","cullface":"Know2Good"},
			"south":{"uv":	[4.01,13.01,4.99,13.99],"texture":"#block","cullface":"Know2Good"},
			"west":{"uv":	[4.01,13.01,4.99,13.99],"texture":"#block","cullface":"Know2Good"},
			"east":{"uv":	[4.01,13.01,4.99,13.99],"texture":"#block","cullface":"Know2Good"}
		}
	},
	{
		"__comment":"Rim south-east",
		"from": [12,10,12],
		"to": [13,11,13],
		"faces": {
			"down":{"uv":	[4.01,13.01,4.99,13.99],"texture":"#block","cullface":"Know2Good"},
			"up":{"uv":		[4.01,13.01,4.99,13.99],"texture":"#block","cullface":"Know2Good"},
			"north":{"uv":	[4.01,13.01,4.99,13.99],"texture":"#block","cullface":"Know2Good"},
			"south":{"uv":	[4.01,13.01,4.99,13.99],"texture":"#block","cullface":"Know2Good"},
			"west":{"uv":	[4.01,13.01,4.99,13.99],"texture":"#block","cullface":"Know2Good"},
			"east":{"uv":	[4.01,13.01,4.99,13.99],"texture":"#block","cullface":"Know2Good"}
		}
	},
	{
		"__comment":"Rim south-south-east",
		"from": [10,10,13],
		"to": [12,11,14],
		"faces": {
			"down":{"uv":	[4.01,13.01,4.99,13.99],"texture":"#block","cullface":"Know2Good"},
			"up":{"uv":		[4.01,13.01,4.99,13.99],"texture":"#block","cullface":"Know2Good"},
			"north":{"uv":	[4.01,13.01,4.99,13.99],"texture":"#block","cullface":"Know2Good"},
			"south":{"uv":	[4.01,13.01,4.99,13.99],"texture":"#block","cullface":"Know2Good"},
			"west":{"uv":	[4.01,13.01,4.99,13.99],"texture":"#block","cullface":"Know2Good"},
			"east":{"uv":	[4.01,13.01,4.99,13.99],"texture":"#block","cullface":"Know2Good"}
		}
	},
	{
		"__comment":"Rim south",
		"from": [6,10,14],
		"to": [10,11,15],
		"faces": {
			"down":{"uv":	[4.01,13.01,4.99,13.99],"texture":"#block","cullface":"Know2Good"},
			"up":{"uv":		[4.01,13.01,4.99,13.99],"texture":"#block","cullface":"Know2Good"},
			"north":{"uv":	[4.01,13.01,4.99,13.99],"texture":"#block","cullface":"Know2Good"},
			"south":{"uv":	[4.01,13.01,4.99,13.99],"texture":"#block","cullface":"Know2Good"},
			"west":{"uv":	[4.01,13.01,4.99,13.99],"texture":"#block","cullface":"Know2Good"},
			"east":{"uv":	[4.01,13.01,4.99,13.99],"texture":"#block","cullface":"Know2Good"}
		}
	},
	{
		"__comment":"Rim south-south-west",
		"from": [4,10,13],
		"to": [6,11,14],
		"faces": {
			"down":{"uv":	[4.01,13.01,4.99,13.99],"texture":"#block","cullface":"Know2Good"},
			"up":{"uv":		[4.01,13.01,4.99,13.99],"texture":"#block","cullface":"Know2Good"},
			"north":{"uv":	[4.01,13.01,4.99,13.99],"texture":"#block","cullface":"Know2Good"},
			"south":{"uv":	[4.01,13.01,4.99,13.99],"texture":"#block","cullface":"Know2Good"},
			"west":{"uv":	[4.01,13.01,4.99,13.99],"texture":"#block","cullface":"Know2Good"},
			"east":{"uv":	[4.01,13.01,4.99,13.99],"texture":"#block","cullface":"Know2Good"}
		}
	},
	{
		"__comment":"Rim south-west",
		"from": [3,10,12],
		"to": [4,11,13],
		"faces": {
			"down":{"uv":	[4.01,13.01,4.99,13.99],"texture":"#block","cullface":"Know2Good"},
			"up":{"uv":		[4.01,13.01,4.99,13.99],"texture":"#block","cullface":"Know2Good"},
			"north":{"uv":	[4.01,13.01,4.99,13.99],"texture":"#block","cullface":"Know2Good"},
			"south":{"uv":	[4.01,13.01,4.99,13.99],"texture":"#block","cullface":"Know2Good"},
			"west":{"uv":	[4.01,13.01,4.99,13.99],"texture":"#block","cullface":"Know2Good"},
			"east":{"uv":	[4.01,13.01,4.99,13.99],"texture":"#block","cullface":"Know2Good"}
		}
	},
	{
		"__comment":"Rim south-south-west",
		"from": [2,10,10],
		"to": [3,11,12],
		"faces": {
			"down":{"uv":	[4.01,13.01,4.99,13.99],"texture":"#block","cullface":"Know2Good"},
			"up":{"uv":		[4.01,13.01,4.99,13.99],"texture":"#block","cullface":"Know2Good"},
			"north":{"uv":	[4.01,13.01,4.99,13.99],"texture":"#block","cullface":"Know2Good"},
			"south":{"uv":	[4.01,13.01,4.99,13.99],"texture":"#block","cullface":"Know2Good"},
			"west":{"uv":	[4.01,13.01,4.99,13.99],"texture":"#block","cullface":"Know2Good"},
			"east":{"uv":	[4.01,13.01,4.99,13.99],"texture":"#block","cullface":"Know2Good"}
		}
	},
	{
		"__comment":"Rim west",
		"from": [1,10,6],
		"to": [2,11,10],
		"faces": {
			"down":{"uv":	[4.01,13.01,4.99,13.99],"texture":"#block","cullface":"Know2Good"},
			"up":{"uv":		[4.01,13.01,4.99,13.99],"texture":"#block","cullface":"Know2Good"},
			"north":{"uv":	[4.01,13.01,4.99,13.99],"texture":"#block","cullface":"Know2Good"},
			"south":{"uv":	[4.01,13.01,4.99,13.99],"texture":"#block","cullface":"Know2Good"},
			"west":{"uv":	[4.01,13.01,4.99,13.99],"texture":"#block","cullface":"Know2Good"},
			"east":{"uv":	[4.01,13.01,4.99,13.99],"texture":"#block","cullface":"Know2Good"}
		}
	},
	{
		"__comment":"Rim south-north-west",
		"from": [2,10,4],
		"to": [3,11,6],
		"faces": {
			"down":{"uv":	[4.01,13.01,4.99,13.99],"texture":"#block","cullface":"Know2Good"},
			"up":{"uv":		[4.01,13.01,4.99,13.99],"texture":"#block","cullface":"Know2Good"},
			"north":{"uv":	[4.01,13.01,4.99,13.99],"texture":"#block","cullface":"Know2Good"},
			"south":{"uv":	[4.01,13.01,4.99,13.99],"texture":"#block","cullface":"Know2Good"},
			"west":{"uv":	[4.01,13.01,4.99,13.99],"texture":"#block","cullface":"Know2Good"},
			"east":{"uv":	[4.01,13.01,4.99,13.99],"texture":"#block","cullface":"Know2Good"}
		}
	},
	{
		"__comment":"Liquid north-south",
		"from": [4,9,2],
		"to": [12,9,14],
		"faces": {
			"up":{"uv":		[4.01,2.01,11.99,13.99],"texture":"#liquid","cullface":"Know2Good"}
		}
	},
	{
		"__comment":"Liquid west-east",
		"from": [2,9,4],
		"to": [14,9,12],
		"faces": {
			"up":{"uv":		[2.01,4.01,13.99,11.99],"texture":"#liquid","cullface":"Know2Good"}
		}
	}
],
   "display": {
        "gui": {
            "rotation": 	[ 30, -45, 0 ],
            "translation": 	[ 0, 1, 0],
            "scale":		[ 0.85, 0.85, 0.85 ]
        },
        "ground": {
			"rotation": 	[ 0, 0, 0 ],
			"translation": 	[ 0, 3, 0 ],
			"scale": 		[ 0.50, 0.50, 0.50 ]
        },
        "fixed": {
			"rotation": 	[ -20, 180, 0 ],
			"translation": 	[ 0, 1, -3.25 ],
			"scale": 		[ 0.85, 0.85, 0.85 ]
        },
		"head": {
            "rotation": 	[ 0, 180, 0 ],
            "translation": 	[ 0, 13, 7],
            "scale":		[ 1, 1, 1]
        },
        "thirdperson_righthand": {
            "rotation": 	[ 0, 90, 22.5 ],
            "translation": 	[ 0, 1.5, -1.5 ],
            "scale": 		[ 0.5, 0.5, 0.5 ]
        },
        "thirdperson_lefthand": {
            "rotation": 	[ 0, 270, -22.5 ],
            "translation": 	[ 0, 1.5, -1.5 ],
            "scale": 		[ 0.5, 0.5, 0.5 ]
        },
        "firstperson_righthand": {
            "rotation": 	[ 0, -90, 0 ],
            "translation":	[ -1.5, 3, 2.5 ],
            "scale": 		[ 0.40, 0.40, 0.40 ]
        },
        "firstperson_lefthand": {
            "rotation": 	[ 0, 90, 0 ],
            "translation": 	[ -1.5, 3, 2.5 ],
            "scale": 		[ 0.4, 0.4, 0.4 ]
        }
    }
}