{
"entity.zombie_pigman.ambient": {
"replace":true,
"sounds": [
{
"name": "entity.zombie_pigman.ambient",
"volume": 2,
"pitch": 1
},
"car/horn1",
"car/horn2",
"car/horn3",
"car/horn4",
"ped/empty"
]
},
"entity.zombie_pigman.hurt": {
"replace":true,
"sounds": [
{
"name": "entity.zombie_pigman.hurt",
"pitch": 1
},
"ped/hit1",
"ped/hit2"
]
},
"entity.zombie_pigman.angry": {
"replace":true,
"sounds": [
{
"name": "entity.zombie_pigman.angry",
"pitch": 1
},
"ped/empty"
]
},
"entity.zombie_pigman.death": {
"replace":true,
"sounds": [
{
"name": "entity.zombie_pigman.death",
"volume": 2,
"pitch": 1
},
"car/crash1",
"car/crash2",
"car/crash3",
"car/crash4",
"car/crash5"
]
},
"entity.minecart.inside": {
"replace":true,
"sounds": [
{
"name": "entity.minecart.inside",
"pitch": 1
},
"ped/empty"
]
},
"entity.minecart.riding": {
"replace":true,
"sounds": [
{
"name": "entity.minecart.riding",
"volume": 3,
"pitch": 1
},
"car/car1",
"car/car2",
"car/car3",
"car/car4",
"car/car5",
"car/car6",
"car/car7",
"car/car8",
"car/car9",
"car/car10"
]
},
"dispatch.officer_down": {
"replace":true,
"sounds": [
{
"name": "dispatch.officer_down"
},
"police/officer1"
]
},
"dispatch.civilian_down": {
"replace":true,
"sounds": [
{
"name": "dispatch.officer_down"
},
"police/civilian1"
]
},
"ped.drive_in": {
"replace":true,
"sounds": [
{
"name": "ped.drive_in"
},
"ped/drive_in"
]
},
"ped.hospital": {
"replace":true,
"sounds": [
{
"name": "ped.hospital"
},
"ped/hospital"
]
},
"metro.metro": {
"replace":true,
"sounds": [
{
"name": "metro.metro"
},
"metro/metro"
]
},
"ped.beating": {
"replace":true,
"sounds": [
{
"name": "ped.beating"
},
"ped/beating"
]
},
"ped.police_station": {
"replace":true,
"sounds": [
{
"name": "ped.police_station"
},
"ped/police_station"
]
}
}