{
    "ambientocclusion": true,
    "textures": {
        "down": "custom/sakura",
        "up": "custom/sakura",
		"north": "custom/sakura",
		"south": "custom/sakura",
		"west": "custom/sakura",
		"east": "custom/sakura",
        "particle": "custom/sakura"
    },
  "elements": [
    {
      "from": [ 0, 0, 0 ],
      "to": [ 16, 16, 16 ],
      "faces": {
        "down":  { "texture": "#down", "cullface": "down" },
        "up":    { "texture": "#up", "cullface": "up" },
        "north": { "texture": "#north", "cullface": "north" },
        "south": { "texture": "#south", "cullface": "south" },
        "west":  { "texture": "#west", "cullface": "west" },
        "east":  { "texture": "#east", "cullface": "east" }
      }
    }
  ]
}