{
"entity.generic.explode": {
"replace":true,
"sounds": [
{
"name": "entity.generic.explode",
"pitch": 1
},
"custom/1",
"custom/2",
"custom/3",
"custom/4",
"custom/5",
"custom/6",
"custom/7",
"custom/8",
"custom/9",
"custom/10"
]
},
"entity.tnt.primed": {
"replace":true,
"sounds": [
{
"name": "entity.tnt.primed",
"pitch": 1
},
"custom/fuse"
]
},
"entity.creeper.primed": {
    "category": "hostile",
    "replace": true,
    "sounds": [
      {
        "name": "custom/allahuakbar1",
        "pitch": 2
      },
	        {
        "name": "custom/allahuakbar2",
        "pitch": 2
      },
	        {
        "name": "custom/allahuakbar3",
        "pitch": 2
      },
	        {
        "name": "custom/allahuakbar4",
        "pitch": 2
      },
	        {
        "name": "custom/allahuakbar5",
        "pitch": 2
      },
	        {
        "name": "custom/allahuakbar6",
        "pitch": 2
      },
	  	        {
        "name": "custom/allahuakbar7",
        "pitch": 2
      },
	  	        {
        "name": "custom/allahuakbar8",
        "pitch": 2
      },
	  	        {
        "name": "custom/allahuakbar9",
        "pitch": 2
      }
]
},
{
"entity.villager.ambient": {
    "category": "neutral",
    "replace": true,
    "sounds": [
      {
        "name": "mob/villager/quiet",
        "pitch": 1
      }
]
},
{
"entity.villager.celebrate": {
    "category": "neutral",
    "replace": true,
    "sounds": [
      {
        "name": "mob/villager/quiet",
        "pitch": 1
      }
]
},
{
"entity.villager.death": {
    "category": "neutral",
    "replace": true,
    "sounds": [
      {
        "name": "mob/villager/quiet",
        "pitch": 1
      }
]
},
{
"entity.villager.hurt": {
    "category": "neutral",
    "replace": true,
    "sounds": [
      {
        "name": "mob/villager/quiet",
        "pitch": 1
      }
]
},
{
"entity.villager.no": {
    "category": "neutral",
    "replace": true,
    "sounds": [
      {
        "name": "mob/villager/quiet",
        "pitch": 1
      }
]
},
{
"entity.villager.trade": {
    "category": "neutral",
    "replace": true,
    "sounds": [
      {
        "name": "mob/villager/quiet",
        "pitch": 1
      }
]
},
{
"entity.villager.yes": {
    "category": "neutral",
    "replace": true,
    "sounds": [
      {
        "name": "mob/villager/quiet",
        "pitch": 1
      }
]
}
}